Executed Ipc Elapsed,Issued Warp Per Scheduler,Avg. Executed Instructions Per Scheduler,Block Size,Registers Per Thread,Threads,Waves Per SM,Block Limit Registers,Block Limit Warps,CPUPageFault,GPUPagePault,HtoD,DtoH,Costs,label,predicted label
0.18,0.08,6555.94,16,16,1016064,24.81,128,64,23,46,4032,4032,"0.09308984615384616, 0.09314071428571429, 0.09314900000000001, 0.09313857142857143, 0.09315442857142857, 0.09313542857142856, 0.09316871428571427",0,0
0.18,0.08,6555.94,16,16,1016064,24.81,128,64,2,256,64,64,"0.09300346153846153, 0.09318657142857144, 0.09316928571428572, 0.09317542857142856, 0.09315542857142857, 0.09318257142857143, 0.093178",0,0
0.18,0.08,6555.94,16,16,1016064,24.81,128,64,12,47,4032,0,"0.09314914285714285, 0.092971, 0.093026, 0.093052, 0.092976, 0.093021, 0.09302200000000001",1,0
0,0.08,4.9,512,17,1024,0.01,5,4,23,46,4032,4032,"0.004470769230769231, 0.004965714285714287, 0.0049871428571428575, 0.005005714285714286, 0.004961428571428572, 0.0049557142857142855, 0.004968571428571429",0,1
0,0.08,4.9,512,17,1024,0.01,5,4,2,256,64,64,"0.004883846153846154, 0.004847142857142857, 0.004842857142857143, 0.004847142857142857, 0.00483, 0.004847142857142857, 0.004862857142857143",5,4
