kernel,InputData,advise0,advise1,variant,TimePerc,Time,calls,AVG,MIN,MAX
calculate_temp,64,0,0,0,37.95,0.0057,1,0.0057,0.0057,0.0057
calculate_temp,128,0,0,0,22.63,0.00611,1,0.00611,0.00611,0.00611
calculate_temp,256,0,0,0,25.12,0.00835,1,0.00835,0.00835,0.00835
calculate_temp,512,0,0,0,21.95,0.016703,1,0.016703,0.016703,0.016703
calculate_temp,1024,0,0,0,5.24,0.052191999999999995,1,0.052191999999999995,0.052191999999999995,0.052191999999999995
calculate_temp,2048,0,0,0,4.07,0.189695,1,0.189695,0.189695,0.189695
calculate_temp,4096,0,0,0,3.84,0.739452,1,0.739452,0.739452,0.739452
calculate_temp,8192,0,0,0,2.11,2.908142,1,2.908142,2.908142,2.908142
