kernel,InputData,advise0,advise1,variant,TimePerc,Time,calls,AVG,MIN,MAX
calculate_temp,64,0,0,0,36.58,0.00541,1,0.00541,0.00541,0.00541
calculate_temp,128,0,0,0,19.7,0.0058200000000000005,1,0.0058200000000000005,0.0058200000000000005,0.0058200000000000005
calculate_temp,256,0,0,0,9.83,0.008159999999999999,1,0.008159999999999999,0.008159999999999999,0.008159999999999999
calculate_temp,512,0,0,0,6.04,0.017856999999999998,1,0.017856999999999998,0.017856999999999998,0.017856999999999998
calculate_temp,1024,0,0,0,1.97,0.05392,1,0.05392,0.05392,0.05392
calculate_temp,2048,0,0,0,1.25,0.189183,1,0.189183,0.189183,0.189183
calculate_temp,4096,0,0,0,1.14,0.725019,1,0.725019,0.725019,0.725019
calculate_temp,8192,0,0,0,1.09,2.865325,1,2.865325,2.865325,2.865325
